timestamp,ip,method,url,status,size
2026-03-25 10:00:10,192.168.1.20,GET,/api,200,100
2026-03-25 10:00:10,192.168.1.20,GET,/api,200,100
2026-03-25 10:00:10,192.168.1.20,GET,/api,200,100
2026-03-25 10:00:10,192.168.1.20,GET,/api,200,100
2026-03-25 10:00:10,192.168.1.20,GET,/api,200,100
2026-03-25 10:00:10,192.168.1.20,GET,/api,200,100
2026-03-25 10:00:10,192.168.1.20,GET,/api,200,100
2026-03-25 10:00:10,192.168.1.20,GET,/api,200,100
2026-03-25 10:00:10,192.168.1.20,GET,/api,200,100
2026-03-25 10:00:10,192.168.1.20,GET,/api,200,100
